ServiceID,ServiceNameAr,ServiceNameEn,EntityAr,EntityEn,EntityID,EntityDepartmentAr,EntityDepartmentEn,Beneficiary,MainService,DescriptionAr,DescriptionEn,SpecialConditionsAr,SpecialConditionsEn,RequiredDocumentsAr,RequiredDocumentsEn,FeesAr,FeesEn,PaymentMethod,AvgTimeTakenAr,AvgTimeTakenEn,WorkingTimeAr,WorkingTimeEn,Channels,InputChannelOthers,CustomerCarePhone,Website,ProcessStepsAr,ProcessStepsEn,NumSteps,AudienceVisitCount,ServiceURL
120000,عرض حالة الطلب,View application Status,وزارة التجارة والصناعة وترويج الإستثمار,"Ministry of Commerce, Industry and Investment Promotion",110,,,"من الحكومة إلى قطاع الأعمال(G2B),من الحكومة الى الأفراد(G2C)",,هذه الخدمة تسمح للمستخدم بعرض حالة الطلب وهي متاحة للجمهور . ينبغي على المستخدم معرفة رقم الطلب و تاريخ إرسال الطلب أو رقم هوية مقدم الطلب. المستخدمين المؤهلين,This service allows the user to view application status. It is available for public. User should know the reference number of the application and either the submission date or the applicant ID number in order to find the application. Eligible Users,لا توجد موافقات مطلوبة. رسوم الخدمة,No approvals are required Service Fees,لا توجد مستندات مطلوبة . الموافقات المطلوبة,No documents are required. Required Approvals,لا توجد رسوم للخدمة. الوصول والتسليم في الوقت المحدد,Service is free of charge. Access and Delivery Time,الكتروني,,,,,بوابة منصة عُمان للأعمال (business.gov.om),,+968 80000070,www.business.gov.om,اضغط على ابدأ الخدمة وأدخل معايير البحث في الحقول المطلوبة في استمارة الخدمة الإلكترونية . المستندات المطلوبة,Press start the service and enter search criteria in required fields of the service form. Required Documents,,,https://www.business.gov.om/ieasy/wp/ar/services/%D8%B9%D8%B1%D8%B6-%D8%AD%D8%A7%D9%84%D8%A9-%D8%A7%D9%84%D8%B7%D9%84%D8%A8/
120001,بحث في السجلات التجارية,Search Commercial Registrations,وزارة التجارة والصناعة وترويج الإستثمار,"Ministry of Commerce, Industry and Investment Promotion",110,,,"من الحكومة إلى قطاع الأعمال(G2B),من الحكومة الى الأفراد(G2C)",,هذه الخدمة تسمح للمستخدم بالبحث في بيانات السجل التجاري في سلطنة عمان وهي متاحة للجمهور. من نتائج البحث يمكن للمستخدم عرض بيانات السجل التجاري. يمكن استخدام البحث المتقدم للبحث بمعايير أكثر. المستخدمين المؤهلين,"This service allows user to search the commercial registrations’ information in Oman. It is available for public. From the search result, the user can view details of the commercial registration. User can use the Advanced Search to search by more search criteria. Eligible Users",لا توجد موافقات مطلوبة. رسوم الخدمة,No approvals are required. Service Fees,لا توجد مستندات مطلوبة. الموافقات المطلوبة,No documents are required. Required Approvals,لا توجد رسوم للخدمة. الوصول والتسليم في الوقت المحدد,Service is free of charge. Access and Delivery Time,الكتروني,,,,,بوابة منصة عُمان للأعمال (business.gov.om),,+968 80000070,www.business.gov.om,اضغط على ابدأ الخدمة وأدخل معايير البحث في الحقول المطلوبة في استمارة الخدمة الإلكترونية. المستندات المطلوبة,Press start the service and enter search criteria in required fields of the service form. Required Documents,,,https://www.business.gov.om/ieasy/wp/ar/services/%D8%A8%D8%AD%D8%AB-%D9%81%D9%8A-%D8%A7%D9%84%D8%B3%D8%AC%D9%84%D8%A7%D8%AA-%D8%A7%D9%84%D8%AA%D8%AC%D8%A7%D8%B1%D9%8A%D8%A9/
120002,بحث في الإعلانات العامة,Search Public Announcements,وزارة التجارة والصناعة وترويج الإستثمار,"Ministry of Commerce, Industry and Investment Promotion",110,,,"من الحكومة إلى قطاع الأعمال(G2B),من الحكومة الى الأفراد(G2C)",,هذه الخدمة تسمح للمستخدم بالبحث في الإعلانات العامة للسجلات التجارية وهي متاحة للجمهور. من نتائج البحث يمكن للمستخدم عرض بيانات الإعلان العام. المستخدمين المؤهلين,"This service allows user to search the published public announcements for the commercial registrations. It is available for public. From the search result, the user can view details of the public announcement. Eligible Users",لا توجد موافقات مطلوبة. رسوم الخدمة,No approvals are required. Service Fees,لا توجد مستندات مطلوبة . الموافقات المطلوبة,No documents are required Required Approvals,لا توجد رسوم للخدمة. الوصول والتسليم في الوقت المحدد,Service is free of charge. Access and Delivery Time,الكتروني,,,,,بوابة منصة عُمان للأعمال (business.gov.om),,+968 80000070,www.business.gov.om,اضغط على ابدأ الخدمة وأدخل معايير البحث في الحقول المطلوبة في الخدمة . المستندات المطلوبة,Press start the service and enter search criteria in required fields of the service. Required Documents,,,https://www.business.gov.om/ieasy/wp/ar/services/%D8%A8%D8%AD%D8%AB-%D9%81%D9%8A-%D8%A7%D9%84%D8%A5%D8%B9%D9%84%D8%A7%D9%86%D8%A7%D8%AA-%D8%A7%D9%84%D8%B9%D8%A7%D9%85%D8%A9/
120003,طلب الشهادات التجارية,Request Business Certificates,وزارة التجارة والصناعة وترويج الإستثمار,"Ministry of Commerce, Industry and Investment Promotion",110,,,"من الحكومة إلى قطاع الأعمال(G2B),من الحكومة الى الأفراد(G2C)",,هذه الخدمة تسمح بطلب الشهادات التجارية وهي متاحة للجمهور. الشهادة تكون متاحة للتنزيل بعد دفع الرسوم مباشرة. في حالة أن المستخدم مسجل للدخول على النظام فإن الشهادات المطلوبة ستكون متاحة في قائمة شهاداتي التجارية . المستخدمين المؤهلين,"This service allows to request business certificates. It is available for public. The certificate is available for download immediately after payment has been processed. If the user is logged in, the requested certificate will be available also in My Requested Business Certificates Eligible Users",لا توجد موافقات مطلوبة. رسوم الخدمة,No approvals are required. Service Fees,لا توجد مستندات مطلوبة . الموافقات المطلوبة,No documents are required. Required Approvals,5 ريالات عمانية لكل شهادة. الوصول والتسليم في الوقت المحدد,5 OMR per certificate. Access and Delivery Time,الكتروني,,,,,بوابة منصة عُمان للأعمال (business.gov.om),,+968 80000070,www.business.gov.om,اضغط على ابدأ الخدمة واتبع التعليمات المتاحة . المستندات المطلوبة,Press start the service and follow the available instructions. Required Documents,,,https://www.business.gov.om/ieasy/wp/ar/services/%D8%B7%D9%84%D8%A8-%D8%A7%D9%84%D8%B4%D9%87%D8%A7%D8%AF%D8%A7%D8%AA-%D8%A7%D9%84%D8%AA%D8%AC%D8%A7%D8%B1%D9%8A%D8%A9/
120004,قائمة شهاداتي التجارية,My Requested Business Certificates,وزارة التجارة والصناعة وترويج الإستثمار,"Ministry of Commerce, Industry and Investment Promotion",110,,,"من الحكومة إلى قطاع الأعمال(G2B),من الحكومة الى الأفراد(G2C)",,هذه الخدمة تعرض قائمة الشهادات التجارية التي تم طلبها من قبل المستخدم الحالي. كما تسمح للمستخدم بتنزيل الشهادات. ملاحظة: الشهادات المطلوبة تكون متاحة لمدة 5 أيام من تاريخ طلبها. المستخدمين المؤهلين,This service shows list of all business certificates requested by the current user. It also allows the user to download the certificates. Note: requested certificates will be available only for 5 days from the request date. Eligible Users,لا توجد موافقات مطلوبة. رسوم الخدمة,No approvals are required. Service Fees,لا توجد مستندات مطلوبة . الموافقات المطلوبة,No documents are required. Required Approvals,لا توجد رسوم للخدمة. الوصول والتسليم في الوقت المحدد,Service is free of charge. Access and Delivery Time,الكتروني,,,,,بوابة منصة عُمان للأعمال (business.gov.om),,+968 80000070,www.business.gov.om,اضغط على ابدأ الخدمة واتبع التعليمات المتاحة . المستندات المطلوبة,Press start the service and follow the available instructions. Required Documents,,,https://www.business.gov.om/ieasy/wp/ar/services/%D9%82%D8%A7%D8%A6%D9%85%D8%A9-%D8%B4%D9%87%D8%A7%D8%AF%D8%A7%D8%AA%D9%8A-%D8%A7%D9%84%D8%AA%D8%AC%D8%A7%D8%B1%D9%8A%D8%A9/
120005,بحث في الالتزامات,Search Obligations List,وزارة التجارة والصناعة وترويج الإستثمار,"Ministry of Commerce, Industry and Investment Promotion",110,,,"من الحكومة إلى قطاع الأعمال(G2B),من الحكومة الى الأفراد(G2C)",,هذه الخدمة تسمح بالبحث عن التزامات السجلات التجارية (الشركات) تجاه الجهات الحكومية عن طريق إدخال معايير البحث في نموذج البحث وهي متاحة للجمهور. المستخدمين المؤهلين,This service allows to search for Commercial Registrations’ obligations toward the government by entering some criteria in the search form. it is allowed for public. Eligible Users,لا توجد موافقات مطلوبة. رسوم الخدمة,No approvals are required. Service Fees,لا توجد مستندات مطلوبة . الموافقات المطلوبة,No documents are required. Required Approvals,لا توجد رسوم للخدمة. الوصول والتسليم في الوقت المحدد,Service is free of charge. Access and Delivery Time,الكتروني,,,,,بوابة منصة عُمان للأعمال (business.gov.om),,+968 80000070,www.business.gov.om,اضغط على ابدأ الخدمة وأدخل معايير البحث في الحقول المطلوبة في استمارة الخدمة الإلكترونية . المستندات المطلوبة,Press Start the Service and enter search criteria in required fields of the service form. Required Documents,,,https://www.business.gov.om/ieasy/wp/ar/services/%D8%A8%D8%AD%D8%AB-%D9%81%D9%8A-%D8%A7%D9%84%D8%A7%D9%84%D8%AA%D8%B2%D8%A7%D9%85%D8%A7%D8%AA/
120006,قائمة الأنشطة الاقتصادية,Business Activities List (ISIC),وزارة التجارة والصناعة وترويج الإستثمار,"Ministry of Commerce, Industry and Investment Promotion",110,,,من الحكومة الى الأفراد(G2C),,هذه الخدمة تعرض قائمة جميع الأنشطة الاقتصادية المتوفرة في استثمر بسهولة. ويمكن للمستخدم فرز القائمة بإدخال معايير الفرز. المستخدمين المؤهلين,"This service shows list of all business activities, user can filter results table by entering criteria into the filter fields. Eligible Users",لا توجد موافقات مطلوبة. رسوم الخدمة,No approvals are required. Service Fees,لا توجد مستندات مطلوبة. الموافقات المطلوبة,No documents are required. Required Approvals,لا توجد رسوم للخدمة. الوصول والتسليم في الوقت المحدد,Service is free of charge. Access and Delivery Time,الكتروني,,,,,بوابة منصة عُمان للأعمال (business.gov.om),,+968 80000070,www.business.gov.om,اضغط على ابدأ الخدمة وأدخل معايير البحث في الحقول المطلوبة في استمارة الخدمات الإلكترونية. المستندات المطلوبة,Press Start the Service and enter search criteria in required fields of the service form. Required Documents,,,https://www.business.gov.om/ieasy/wp/ar/services/%D9%82%D8%A7%D8%A6%D9%85%D8%A9-%D8%A7%D9%84%D8%A3%D9%86%D8%B4%D8%B7%D8%A9-%D8%A7%D9%84%D8%A7%D9%82%D8%AA%D8%B5%D8%A7%D8%AF%D9%8A%D8%A9/
120007,طلب استرجاع مبلغ,Apply For Refund,وزارة التجارة والصناعة وترويج الإستثمار,"Ministry of Commerce, Industry and Investment Promotion",110,,,من الحكومة إلى قطاع الأعمال(G2B),,طلب استرجاع مبلغ المستخدمين المؤهلين,Apply For Refund Eligible Users,طلب استرجاع مبلغ رسوم الخدمة,Apply For Refund Service Fees,طلب استرجاع مبلغ الموافقات المطلوبة,Apply For Refund Required Approvals,طلب استرجاع مبلغ الوصول والتسليم في الوقت المحدد,Apply For Refund Access and Delivery Time,الكتروني,,,,,بوابة منصة عُمان للأعمال (business.gov.om),,+968 80000070,www.business.gov.om,طلب استرجاع مبلغ المستندات المطلوبة,Apply For Refund Required Documents,,,https://www.business.gov.om/ieasy/wp/ar/services/%D8%B7%D9%84%D8%A8-%D8%A7%D8%B3%D8%AA%D8%B1%D8%AC%D8%A7%D8%B9-%D9%85%D8%A8%D9%84%D8%BA/
120008,إنشاء سجل تجاري جديد,New Commercial Registration,وزارة التجارة والصناعة وترويج الإستثمار,"Ministry of Commerce, Industry and Investment Promotion",110,,,من الحكومة إلى قطاع الأعمال(G2B),,هذه الخدمة تسمح بإنشاء سجل تجاري جديد. قبل البدء في الخدمة، على مقدم الطلب قراءة التعليمات أدناه والموافقة على الشروط والأحكام. يتحمل مقدم الطلب المسؤولية الكاملة للسجل التجاري وتبعاته.,"This service allows to create of a new commercial registration. Before starting the service, the applicant has to read the below instructions and agree to the terms and conditions. He has full responsibility for the commercial registration and its consequences.",,,البطاقة المدنية ; جواز السفر (لغير العمانيين) ; صورة شخصية حديثة ; وثيقة تأكيد العنوان ; شهادة عدم ممانعة من الجهة الراعية (إن وجدت),Civil ID ; Passport (for non-Omanis) ; Recent passport-sized photograph ; Proof of address ; No-objection certificate from sponsoring entity (if applicable),.لا يحق لمقدم الطلب استرداد الرسوم المدفوعة مقابل الخدمة المقدمة في حال العدول عن الطلب 2.12.0.0 2.12.0.0 2.12.0.0 2.12.0.0 2.12.0.0 اسم السجل التجاري,The applicant is not entitled to refund the fees paid in return for the service provided in case of application cancellation. Commercial Name,الكتروني,,,,,بوابة منصة عُمان للأعمال (business.gov.om),,+968 80000070,www.business.gov.om,,,,,https://www.business.gov.om/ieasy/wp/ar/services/%D8%A5%D9%86%D8%B4%D8%A7%D8%A1-%D8%B3%D8%AC%D9%84-%D8%AA%D8%AC%D8%A7%D8%B1%D9%8A-%D8%AC%D8%AF%D9%8A%D8%AF/
120009,سجلي التجاري,My CR,وزارة التجارة والصناعة وترويج الإستثمار,"Ministry of Commerce, Industry and Investment Promotion",110,,,"من الحكومة إلى قطاع الأعمال(G2B),من الحكومة الى الأفراد(G2C)",,لوحة معلومات السجل التجاري تعرض بيانات مختصرة عن السجل التجاري وعن الإجراءات الأخيرة التي جرت عليه 2.12.0.0 2.12.0.0 2.12.0.0 المستخدمين المؤهلين,My CR is a dashboard which shows summary information about the commercial registration and recent updates of actions done on it. 2.12.0.0 Eligible Users,لا توجد موافقات مطلوبة. 2.12.0.0 2.12.0.0 2.12.0.0 رسوم الخدمة,No approvals are required. 2.12.0.0 Service Fees,لا توجد مستندات مطلوبة. 2.12.0.0 2.12.0.0 2.12.0.0 الموافقات المطلوبة,No documents are required. 2.12.0.0 Required Approvals,لا توجد رسوم للخدمة. 2.12.0.0 2.12.0.0 2.12.0.0 الوصول والتسليم في الوقت المحدد,The service is free of charge. 2.12.0.0 Access and Delivery Time,الكتروني,,,,,بوابة منصة عُمان للأعمال (business.gov.om),,+968 80000070,www.business.gov.om,اضغط على ابدأ الخدمة واتبع التعليمات المتاحة. 2.12.0.0 2.12.0.0 2.12.0.0 المستندات المطلوبة,Press Start the Service and follow the available instructions. 2.12.0.0 Required Documents,,,https://www.business.gov.om/ieasy/wp/ar/services/%D8%B3%D8%AC%D9%84%D9%8A-%D8%A7%D9%84%D8%AA%D8%AC%D8%A7%D8%B1%D9%8A/
120010,طلباتي,My Applications,وزارة التجارة والصناعة وترويج الإستثمار,"Ministry of Commerce, Industry and Investment Promotion",110,,,من الحكومة الى الأفراد(G2C),,هذه الخدمة تعرض قائمة الطلبات المقدمة بواسطة المستخدم الحالي. كما يمكن للمستخدم عرض تفاصيل الطلب والقيام بتنفيذ أي مهمة مسندة له في الطلب (إن وُجدت). 2.12.0.0 المستخدمين المؤهلين,"This service shows list of all applications, which were submitted by the current user. The user can view the application details and in case the application contains a task assigned to him, he can perform it. 2.12.0.0 Eligible Users",لا توجد موافقات مطلوبة. 2.12.0.0 رسوم الخدمة,No approvals are required. 2.12.0.0 Service Fees,لا توجد مستندات مطلوبة . 2.12.0.0 الموافقات المطلوبة,No documents are required 2.12.0.0 Required Approvals,لا توجد رسوم للخدمة. 2.12.0.0 الوصول والتسليم في الوقت المحدد,The service is free of charge. 2.12.0.0 Access and Delivery Time,الكتروني,,,,,بوابة منصة عُمان للأعمال (business.gov.om),,+968 80000070,www.business.gov.om,اضغط على ابدأ الخدمة واتبع التعليمات المتاحة . 2.12.0.0 المستندات المطلوبة,Press Start the Service and follow the available instructions. 2.12.0.0 Required Documents,,,https://www.business.gov.om/ieasy/wp/ar/services/%D8%B7%D9%84%D8%A8%D8%A7%D8%AA%D9%8A/
120011,طلبات سجلي التجاري,My CR Applications,وزارة التجارة والصناعة وترويج الإستثمار,"Ministry of Commerce, Industry and Investment Promotion",110,,,"من الحكومة إلى قطاع الأعمال(G2B),من الحكومة الى الأفراد(G2C)",,هذه الخدمة تعرض قائمة الطلبات المقدمة بواسطة أي مستخدم للسجل التجاري المختار أو طلبات إنشاء السجل التجاري الجديد قيد الإجراء. هذه الطلبات ستكون متاحة للمستثمرين والمفوضين بالتوقيع والأشخاص المفوضين. كما يمكن للمستخدم عرض تفاصيل الطلب والقيام بتنفيذ أي مهمة مسندة له في الطلب (إن وُجدت). 2.12.0.0 المستخدمين المؤهلين,"This service shows list of all applications, which were submitted by any user for the selected commercial registration, or new commercial registration in progress. It will be available for investors, authorized signatories, and delegated persons. The user can view the application details and in case the application contains a task assigned to him, he can perform it. 2.12.0.0 2.12.0.0 Eligible Users",لا توجد موافقات مطلوبة. 2.12.0.0 رسوم الخدمة,No approvals are required. 2.12.0.0 2.12.0.0 Service Fees,لا توجد مستندات مطلوبة . 2.12.0.0 الموافقات المطلوبة,No documents are required. 2.12.0.0 2.12.0.0 Required Approvals,لا توجد رسوم للخدمة. 2.12.0.0 الوصول والتسليم في الوقت المحدد,The service is free of charge. 2.12.0.0 2.12.0.0 Access and Delivery Time,الكتروني,,,,,بوابة منصة عُمان للأعمال (business.gov.om),,+968 80000070,www.business.gov.om,اضغط على ابدأ الخدمة واتبع التعليمات المتاحة . 2.12.0.0 المستندات المطلوبة,Press Start the Service and follow the available instructions. 2.12.0.0 2.12.0.0 Required Documents,,,https://www.business.gov.om/ieasy/wp/ar/services/%D8%B7%D9%84%D8%A8%D8%A7%D8%AA-%D8%B3%D8%AC%D9%84%D9%8A-%D8%A7%D9%84%D8%AA%D8%AC%D8%A7%D8%B1%D9%8A/
120012,مهامي,My Tasks,وزارة التجارة والصناعة وترويج الإستثمار,"Ministry of Commerce, Industry and Investment Promotion",110,,,من الحكومة الى الأفراد(G2C),,هذه الخدمة تعرض قائمة المهام المسندة للمستخدم الحالي. وتسمح له بتنفيذ هذه المها م. 2.12.0.0 المستخدمين المؤهلين,This service shows list of all pending tasks assigned to the current user. It also allows the user to perform the tasks. 2.12.0.0 Eligible Users,لا توجد موافقات مطلوبة. 2.12.0.0 رسوم الخدمة,No approvals are required. 2.12.0.0 Service Fees,لا توجد مستندات مطلوبة إلا في حالة وجود مهمة إرفاق مستندات. 2.12.0.0 الموافقات المطلوبة,No documents are required unless there is a task for documents attachment. 2.12.0.0 Required Approvals,لا توجد رسوم للخدمة إلا في حالة وجود مهمة دفع. 2.12.0.0 الوصول والتسليم في الوقت المحدد,The service is free of charge unless there is a task of payment. 2.12.0.0 Access and Delivery Time,الكتروني,,,,,بوابة منصة عُمان للأعمال (business.gov.om),,+968 80000070,www.business.gov.om,اضغط على ابدأ الخدمة واتبع التعليمات المتاحة. 2.12.0.0 المستندات المطلوبة,Press Start the Service and follow the available instructions. 2.12.0.0 Required Documents,,,https://www.business.gov.om/ieasy/wp/ar/services/%D9%85%D9%87%D8%A7%D9%85%D9%8A/
120013,صلاحيات التفويض لسجلي التجاري,My CR Delegation Rights,وزارة التجارة والصناعة وترويج الإستثمار,"Ministry of Commerce, Industry and Investment Promotion",110,,,"من الحكومة إلى قطاع الأعمال(G2B),من الحكومة الى الأفراد(G2C)",,هذه الخدمة تعرض قائمة الأشخاص المفوضين للسجل التجاري المختار. هذه القائمة ستكون متاحة للمستثمرين والمفوضين بالتوقيع والأشخاص المفوضين. يمكن فقط للمستثمرين والمفوضين بالتوقيع تفعيل/ تعطيل أو تعديل صلاحيات الأشخاص المفوضين. 2.12.0.0 المستخدمين المؤهلين,"This service shows the list of all delegated persons for the selected commercial registration. It will be available for Investors, Authorized Signatories, and delegated persons. User can add or remove delegated person. Only investors and authorized signatories can activate / deactivate or modify the delegation rights for the delegated persons. 2.12.0.0 Eligible Users",لا توجد موافقات مطلوبة. 2.12.0.0 رسوم الخدمة,No approvals are required. 2.12.0.0 Service Fees,لا توجد مستندات مطلوبة. 2.12.0.0 الموافقات المطلوبة,No documents are required. 2.12.0.0 Required Approvals,لا توجد رسوم للخدمة. 2.12.0.0 الوصول والتسليم في الوقت المحدد,The service is free of charge. 2.12.0.0 Access and Delivery Time,الكتروني,,,,,بوابة منصة عُمان للأعمال (business.gov.om),,+968 80000070,www.business.gov.om,اضغط على ابدأ الخدمة واتبع التعليمات المتاحة. 2.12.0.0 المستندات المطلوبة,Press Start the Service and follow the available instructions. 2.12.0.0 Required Documents,,,https://www.business.gov.om/ieasy/wp/ar/services/%D8%B5%D9%84%D8%A7%D8%AD%D9%8A%D8%A7%D8%AA-%D8%A7%D9%84%D8%AA%D9%81%D9%88%D9%8A%D8%B6-%D9%84%D8%B3%D8%AC%D9%84%D9%8A-%D8%A7%D9%84%D8%AA%D8%AC%D8%A7%D8%B1%D9%8A/
120014,بيانات القوى العاملة لسجلي التجاري,My CR Labor Information,وزارة التجارة والصناعة وترويج الإستثمار,"Ministry of Commerce, Industry and Investment Promotion",110,,,"من الحكومة إلى قطاع الأعمال(G2B),من الحكومة الى الأفراد(G2C)",,هذه الخدمة تعرض بيانات القوى العاملة للسجل التجاري المختار. هذه البيانات ستكون متاحة للمستثمرين والمفوضين بالتوقيع والأشخاص المفوضين. يمكن عرض آخر تحديث لهذه البيانات مرة واحدة فقط في اليوم. 2.12.0.0 المستخدمين المؤهلين,"This service shows the labor information for the selected Commercial Registration. It will be available for investors, authorized signatories, and delegated persons. Information can be updated only once per 24 hours. 2.12.0.0 Eligible Users",لا توجد موافقات مطلوبة. 2.12.0.0 رسوم الخدمة,No approvals are required. 2.12.0.0 Service Fees,لا توجد مستندات مطلوبة. 2.12.0.0 الموافقات المطلوبة,No documents are required. 2.12.0.0 Required Approvals,لا توجد رسوم للخدمة. 2.12.0.0 الوصول والتسليم في الوقت المحدد,The service is free of charge. 2.12.0.0 Access and Delivery Time,الكتروني,,,,,بوابة منصة عُمان للأعمال (business.gov.om),,+968 80000070,www.business.gov.om,اضغط على ابدأ الخدمة واتبع التعليمات المتاحة. 2.12.0.0 المستندات المطلوبة,Press Start the Service and follow the available instructions. 2.12.0.0 Required Documents,,,https://www.business.gov.om/ieasy/wp/ar/services/%D8%A8%D9%8A%D8%A7%D9%86%D8%A7%D8%AA-%D8%A7%D9%84%D9%82%D9%88%D9%89-%D8%A7%D9%84%D8%B9%D8%A7%D9%85%D9%84%D8%A9-%D9%84%D8%B3%D8%AC%D9%84%D9%8A-%D8%A7%D9%84%D8%AA%D8%AC%D8%A7%D8%B1%D9%8A/
120015,إشعاراتي,My Notifications,وزارة التجارة والصناعة وترويج الإستثمار,"Ministry of Commerce, Industry and Investment Promotion",110,,,من الحكومة الى الأفراد(G2C),,هذه الخدمة تعرض جميع الإشعارات التي تم إرسالها للمستخدم من نظام استثمر بسهولة. هذه الخدمة تعرض جميع الإشعارات التي تم إرسالها للمستخدم من نظام استثمر بسهولة. هذه الخدمة تعرض جميع الإشعارات التي تم إرسالها للمستخدم من نظام استثمر بسهولة. 2.12.0.0 2.12.0.0 2.12.0.0 .هذه الخدمة تعرض جميع الإشعارات التي تم إرسالها للمستخدم من نظام استثمر بسهولة المستخدمين المؤهلين,This service shows all notifications sent to the user from invest easy system. 2.12.0.0 Eligible Users,لا توجد موافقات مطلوبة. 2.12.0.0 2.12.0.0 2.12.0.0 2.12.0.0 رسوم الخدمة,No approvals are required. 2.12.0.0 Service Fees,لا توجد مستندات مطلوبة. 2.12.0.0 2.12.0.0 2.12.0.0 2.12.0.0 الموافقات المطلوبة,No documents are required. 2.12.0.0 Required Approvals,لا توجد رسوم للخدمة. 2.12.0.0 2.12.0.0 2.12.0.0 2.12.0.0 الوصول والتسليم في الوقت المحدد,The service is free of charge. 2.12.0.0 Access and Delivery Time,الكتروني,,,,,بوابة منصة عُمان للأعمال (business.gov.om),,+968 80000070,www.business.gov.om,اضغط على ابدأ الخدمة واتبع التعليمات المتاحة. 2.12.0.0 2.12.0.0 2.12.0.0 2.12.0.0 المستندات المطلوبة,Press Start the Service and follow the available instructions. 2.12.0.0 Required Documents,,,https://www.business.gov.om/ieasy/wp/ar/services/%D8%A5%D8%B4%D8%B9%D8%A7%D8%B1%D8%A7%D8%AA%D9%8A/
120016,إشعارات سجلي التجاري,My CR Notifications,وزارة التجارة والصناعة وترويج الإستثمار,"Ministry of Commerce, Industry and Investment Promotion",110,,,"من الحكومة إلى قطاع الأعمال(G2B),من الحكومة الى الأفراد(G2C)",,هذه الخدمة تعرض جميع الإشعارات التي تم إرسالها للمخولين بالسجل التجاري المختار من نظام استثمر بسهولة 2.12.0.0 المستخدمين المؤهلين,"This service shows all notifications sent to the owners, authorized signatories and delegated persons of selected CR from invest easy system. 2.12.0.0 Eligible Users",لا توجد موافقات مطلوبة. 2.12.0.0 رسوم الخدمة,No approvals are required. 2.12.0.0 Service Fees,لا توجد مستندات مطلوبة. 2.12.0.0 الموافقات المطلوبة,No documents are required. 2.12.0.0 Required Approvals,لا توجد رسوم للخدمة. 2.12.0.0 الوصول والتسليم في الوقت المحدد,The service is free of charge. 2.12.0.0 Access and Delivery Time,الكتروني,,,,,بوابة منصة عُمان للأعمال (business.gov.om),,+968 80000070,www.business.gov.om,اضغط على ابدأ الخدمة واتبع التعليمات المتاحة. 2.12.0.0 المستندات المطلوبة,Press Start the Service and follow the available instructions. 2.12.0.0 Required Documents,,,https://www.business.gov.om/ieasy/wp/ar/services/%D8%A5%D8%B4%D8%B9%D8%A7%D8%B1%D8%A7%D8%AA-%D8%B3%D8%AC%D9%84%D9%8A-%D8%A7%D9%84%D8%AA%D8%AC%D8%A7%D8%B1%D9%8A/
120017,تحديث بيانات السجل التجاري,Update Commercial Registration,وزارة التجارة والصناعة وترويج الإستثمار,"Ministry of Commerce, Industry and Investment Promotion",110,,,من الحكومة إلى قطاع الأعمال(G2B),,هذه الخدمة تسمح للمستخدم بتحديث بيانات السجل التجاري. قبل البدء في عملية التحديث، على المستخدم قراءة التعليمات أدناه والموافقة على الشروط والأحكام. يتحمل المستخدم المسؤولية الكاملة للسجل التجاري.,"This service allows user to update the commercial registration. Before starting the update, user has to read the below instructions and agree to terms and conditions. The user has full responsibility for the commercial registration.",,,البطاقة المدنية ; جواز السفر (لغير العمانيين) ; رقم السجل التجاري الحالي ; وثيقة تفويض موثقة (في حالة التحديث بواسطة وكيل),Civil ID ; Passport (for non-Omanis) ; Current commercial registration number ; Notarized power of attorney (if updating through an authorized agent),لا يحق لمقدم الطلب استرداد الرسوم المدفوعة مقابل الخدمة المقدمة في حال العدول عن الطلب. اسم السجل التجاري,The applicant is not entitled to refund the fees paid in return for the service provided in case of application cancellation. 2.12.0.0 Commercial Name,الكتروني,,,,,بوابة منصة عُمان للأعمال (business.gov.om),,+968 80000070,www.business.gov.om,,,,,https://www.business.gov.om/ieasy/wp/ar/services/%D8%AA%D8%AD%D8%AF%D9%8A%D8%AB-%D8%A8%D9%8A%D8%A7%D9%86%D8%A7%D8%AA-%D8%A7%D9%84%D8%B3%D8%AC%D9%84-%D8%A7%D9%84%D8%AA%D8%AC%D8%A7%D8%B1%D9%8A/
120018,تقديم إثبات رأس المال للسجل التجاري,Submit CR Capital Payment Proof,وزارة التجارة والصناعة وترويج الإستثمار,"Ministry of Commerce, Industry and Investment Promotion",110,,,"من الحكومة إلى قطاع الأعمال(G2B),من الحكومة الى الأفراد(G2C)",,"هذه الخدمة تسمح بتقديم إثبات رأس المال للسجل التجاري المختار. حيث تسمح بحذف عبارة “لم يتم التحقق من رأس المال” التي تظهر في شهادة السجل التجاري الذي رأس ماله أكثر من أو يساوي 50,000 ريال عماني. المستخدمين المؤهلين","This service allows to submit capital payment proof for selected commercial registration. It enables removing the sentence “Capital not checked” that appear in the Commercial Registration Certificate whose capital is greater than or equal 50,000 OMR. Eligible Users",سيتم إرسال الطلب إلى التحقق لأخذ الموافقة. رسوم الخدمة,The application will be sent to verifier for approval. Service Fees,هناك مستند واحد إلزامي وهو “الشهادة البنكية” تثبت صحة رأس المال. الموافقات المطلوبة,One document is required which is “Bank Certificate” to proof the capital. Required Approvals,,The service is free of charge. Access and Delivery Time,الكتروني,,,,,بوابة منصة عُمان للأعمال (business.gov.om),,+968 80000070,www.business.gov.om,اضغط على ابدأ الخدمة واتبع التعليمات المتاحة. المستندات المطلوبة,Press Start the Service and follow the available instructions. Required Documents,,,https://www.business.gov.om/ieasy/wp/ar/services/%D8%AA%D9%82%D8%AF%D9%8A%D9%85-%D8%A5%D8%AB%D8%A8%D8%A7%D8%AA-%D8%B1%D8%A3%D8%B3-%D8%A7%D9%84%D9%85%D8%A7%D9%84-%D9%84%D9%84%D8%B3%D8%AC%D9%84-%D8%A7%D9%84%D8%AA%D8%AC%D8%A7%D8%B1%D9%8A/
120019,إلغاء السجل التجاري,Cancel Commercial Registration,وزارة التجارة والصناعة وترويج الإستثمار,"Ministry of Commerce, Industry and Investment Promotion",110,,,"من الحكومة إلى قطاع الأعمال(G2B),من الحكومة الى الأفراد(G2C)",,2.14.0.0 المستخدمين المؤهلين,This services allows to cancel the commercial registration completely. 2.14.0.0 Eligible Users,سيتم إرسال الطلب إلى التحقق لأخذ الموافقة. 2.14.0.0 رسوم الخدمة,Application will be sent to verifier for approval. 2.14.0.0 Service Fees,يمكنك البدء في عملية إلغاء السجل التجاري وسيقوم النظام بتحديد المستندات المطلوبة اعتماداً على الشكل القانوني. 2.14.0.0 الموافقات المطلوبة,You can start Cancel CR process and system will request required documents based on the legal type. 2.14.0.0 Required Approvals,لا توجد رسوم للخدمة. 2.14.0.0 الوصول والتسليم في الوقت المحدد,Service is free of charge. 2.14.0.0 Access and Delivery Time,الكتروني,,,,,بوابة منصة عُمان للأعمال (business.gov.om),,+968 80000070,www.business.gov.om,اضغط على إنجازه عبر الإنترنت واتبع التعليمات المتاحة. 2.14.0.0 المستندات المطلوبة,Press Do it Online and follow the available instructions. 2.14.0.0 Required Documents,,,https://www.business.gov.om/ieasy/wp/ar/services/%D8%A5%D9%84%D8%BA%D8%A7%D8%A1-%D8%A7%D9%84%D8%B3%D8%AC%D9%84-%D8%A7%D9%84%D8%AA%D8%AC%D8%A7%D8%B1%D9%8A/
120020,تصفية الشركة,Liquidate Company,وزارة التجارة والصناعة وترويج الإستثمار,"Ministry of Commerce, Industry and Investment Promotion",110,,,"من الحكومة إلى قطاع الأعمال(G2B),من الحكومة الى الأفراد(G2C)",,التصفية هي الخطوة الأولى لإغلاق العمل التجاري الخاص بك. قم بتعيين المصفين ثم قدم طلب التصفية بواسطة هذه الخدمة.,Liquidation is the first step to formally close your business. Assign liquidators and submit the liquidation application through this service.,سيتم إرسال الطلب إلى التحقق لأخذ الموافقة. رسوم الخدمة,Application will be sent to verifier for approval. 2.14.0.0 Service Fees,بإمكانك بدء عملية تصفية الشركة وسيقوم النظام بتحديد المستندات المطلوبة اعتماداً على التعديلات المدخلة أثناء التصفية. الموافقات المطلوبة,You can start Liquidate process and system will request documents required for liquidation and documents required based on the entered changes. 2.14.0.0 Required Approvals,,Fees depend on the entered changes in the application. 2.14.0.0 Access and Delivery Time,الكتروني,,,,,بوابة منصة عُمان للأعمال (business.gov.om),,+968 80000070,www.business.gov.om,اضغط على إنجازه عبر الإنترنت واتبع التعليمات المتاحة. المستندات المطلوبة,Press Do it Online and follow the available instructions. 2.14.0.0 Required Documents,,,https://www.business.gov.om/ieasy/wp/ar/services/%D8%AA%D8%B5%D9%81%D9%8A%D8%A9-%D8%A7%D9%84%D8%B4%D8%B1%D9%83%D8%A9/
120021,شهادات المنشأ الخاصة بي,My Certificates of Origin,وزارة التجارة والصناعة وترويج الإستثمار,"Ministry of Commerce, Industry and Investment Promotion",110,,,من الحكومة إلى قطاع الأعمال(G2B),,طلبات شهادات المنشأ الخاصة بي 2.14.0.0 المستخدمين المؤهلين,My Certificates of Origin 2.14.0.0 Eligible Users,طلبات شهادات المنشأ الخاصة بي 2.14.0.0 رسوم الخدمة,My Certificates of Origin 2.14.0.0 Service Fees,طلبات شهادات المنشأ الخاصة بي 2.14.0.0 الموافقات المطلوبة,My Certificates of Origin 2.14.0.0 Required Approvals,طلبات شهادات المنشأ الخاصة بي 2.14.0.0 الوصول والتسليم في الوقت المحدد,My Certificates of Origin 2.14.0.0 Access and Delivery Time,الكتروني,,,,,بوابة منصة عُمان للأعمال (business.gov.om),,+968 80000070,www.business.gov.om,طلبات شهادات المنشأ الخاصة بي 2.14.0.0 المستندات المطلوبة,My Certificates of Origin 2.14.0.0 Required Documents,,,https://www.business.gov.om/ieasy/wp/ar/services/%D8%B4%D9%87%D8%A7%D8%AF%D8%A7%D8%AA-%D8%A7%D9%84%D9%85%D9%86%D8%B4%D8%A3-%D8%A7%D9%84%D8%AE%D8%A7%D8%B5%D8%A9-%D8%A8%D9%8A/
120022,404 صفحة,Page Not Found,وزارة التجارة والصناعة وترويج الإستثمار,"Ministry of Commerce, Industry and Investment Promotion",110,,,من الحكومة إلى قطاع الأعمال(G2B),,الصفحة المطلوبة غير موجودة.,The requested page does not exist.,,,البطاقة المدنية ; جواز السفر,Civil ID ; Passport,,,الكتروني,,,,,بوابة منصة عُمان للأعمال (business.gov.om),,+968 80000070,www.business.gov.om,,,,,https://www.business.gov.om/ieasy/wp/ar/services/%D8%B7%D9%84%D8%A8%D8%A7%D8%AA-%D8%B4%D9%87%D8%A7%D8%AF%D8%A7%D8%AA-%D8%A7%D9%84%D9%85%D9%86%D8%B4%D8%A3-%D8%A7%D9%84%D8%AE%D8%A7%D8%B5%D8%A9-%D8%A8%D8%B3%D8%AC%D9%84%D9%8A-%D8%A7%D9%84%D8%AA%D8%AC%D8%A7%D8%B1%D9%8A/
120023,إعلاناتي العامة,My Public Announcements,وزارة التجارة والصناعة وترويج الإستثمار,"Ministry of Commerce, Industry and Investment Promotion",110,,,من الحكومة الى الأفراد(G2C),,هذه الخدمة تعرض قائمة الإعلانات العامة التي تم إنشاؤها بواسطة المستخدم لأي سجل تجاري. كما يمكن للمستخدم عرض تفاصيل الإعلان. 2.12.0.0 المستخدمين المؤهلين,This service shows a list of all public announcements which were created by the user for any commercial registration. The user can view the announcement details. 2.12.0.0 Eligible Users,لا توجد موافقات مطلوبة. 2.12.0.0 رسوم الخدمة,No approvals are required 2.12.0.0 Service Fees,لا توجد مستندات مطلوبة . 2.12.0.0 الموافقات المطلوبة,No documents are required. 2.12.0.0 Required Approvals,لا توجد رسوم للخدمة. 2.12.0.0 الوصول والتسليم في الوقت المحدد,The service is free of charge. 2.12.0.0 Access and Delivery Time,الكتروني,,,,,بوابة منصة عُمان للأعمال (business.gov.om),,+968 80000070,www.business.gov.om,اضغط على ابدأ الخدمة واتبع التعليمات المتاحة. 2.12.0.0 المستندات المطلوبة,Press Start the Service and follow the available instructions. 2.12.0.0 Required Documents,,,https://www.business.gov.om/ieasy/wp/ar/services/%D8%A5%D8%B9%D9%84%D8%A7%D9%86%D8%A7%D8%AA%D9%8A-%D8%A7%D9%84%D8%B9%D8%A7%D9%85%D8%A9/
120024,الإعلانات العامة لسجلي التجاري,My CR Public Announcements,وزارة التجارة والصناعة وترويج الإستثمار,"Ministry of Commerce, Industry and Investment Promotion",110,,,"من الحكومة إلى قطاع الأعمال(G2B),من الحكومة الى الأفراد(G2C)",,هذه الخدمة تعرض قائمة الإعلانات العامة التي تم إنشاؤها بواسطة أي مستخدم للسجل التجاري المختار. هذه الإعلانات ستكون متاحة للمستثمرين والمفوضين بالتوقيع والأشخاص المفوضين. كما يمكن للمستخدم عرض تفاصيل الإعلان. 2.12.0.0 المستخدمين المؤهلين,"This service shows list of all public announcements which were submitted by any user for the selected commercial registration. It will be available for investors, authorized signatories, and delegated persons. The user can view the announcement details. 2.12.0.0 Eligible Users",لا توجد موافقات مطلوبة. 2.12.0.0 رسوم الخدمة,No approvals are required. 2.12.0.0 Service Fees,لا توجد مستندات مطلوبة. 2.12.0.0 الموافقات المطلوبة,No documents are required. 2.12.0.0 Required Approvals,لا توجد رسوم للخدمة. 2.12.0.0 الوصول والتسليم في الوقت المحدد,The service is free of charge. 2.12.0.0 Access and Delivery Time,الكتروني,,,,,بوابة منصة عُمان للأعمال (business.gov.om),,+968 80000070,www.business.gov.om,اضغط على ابدأ الخدمة واتبع التعليمات المتاحة. 2.12.0.0 المستندات المطلوبة,Press Start the Service and follow the available instructions. 2.12.0.0 Required Documents,,,https://www.business.gov.om/ieasy/wp/ar/services/%D8%A7%D9%84%D8%A5%D8%B9%D9%84%D8%A7%D9%86%D8%A7%D8%AA-%D8%A7%D9%84%D8%B9%D8%A7%D9%85%D8%A9-%D9%84%D8%B3%D8%AC%D9%84%D9%8A-%D8%A7%D9%84%D8%AA%D8%AC%D8%A7%D8%B1%D9%8A/
120025,تقديم إعلان عام,Submit Public Announcement,وزارة التجارة والصناعة وترويج الإستثمار,"Ministry of Commerce, Industry and Investment Promotion",110,,,"من الحكومة إلى قطاع الأعمال(G2B),من الحكومة الى الأفراد(G2C)",,هذه الخدمة تسمح للمستخدم بتقديم إعلان عام للسجل التجاري المختار. الإعلانات العامة المقدمة يتم إرسالها إلى التحقق في استثمر بسهولة للموافقة عليها. 2.12.0.0 المستخدمين المؤهلين,This service allows the user to submit a public announcement for the selected commercial registration. The submitted public announcement will go to the Invest Easy verifier for approval. 2.12.0.0 Eligible Users,الإعلان المقدم سيتم إرساله إلى التحقق في استثمر بسهولة للموافقة عليه. 2.12.0.0 رسوم الخدمة,The submitted public announcement will be sent to verifier of Invest Easy for approval. 2.12.0.0 Service Fees,لا توجد مستندات مطلوبة. 2.12.0.0 الموافقات المطلوبة,No documents are required. 2.12.0.0 Required Approvals,لا توجد رسوم للخدمة. 2.12.0.0 الوصول والتسليم في الوقت المحدد,The service is free of charge. 2.12.0.0 Access and Delivery Time,الكتروني,,,,,بوابة منصة عُمان للأعمال (business.gov.om),,+968 80000070,www.business.gov.om,اضغط على ابدأ الخدمة وأدخل البيانات الصحيحة في الحقول المطلوبة في استمارة الخدمة. 2.12.0.0 المستندات المطلوبة,Press Start the Service and follow the available instructions. 2.12.0.0 Required Documents,,,https://www.business.gov.om/ieasy/wp/ar/services/%D8%AA%D9%82%D8%AF%D9%8A%D9%85-%D8%A5%D8%B9%D9%84%D8%A7%D9%86-%D8%B9%D8%A7%D9%85/
120026,تقويم سجلي التجاري,My CR Calendar,وزارة التجارة والصناعة وترويج الإستثمار,"Ministry of Commerce, Industry and Investment Promotion",110,,,"من الحكومة إلى قطاع الأعمال(G2B),من الحكومة الى الأفراد(G2C)",,تعرض هذه الخدمة جميع الأحداث والمواعيد المحددة للسجيل التجاري المختار. سوف تكون هذه الأحداث متاحة للمستثمرين، المفوضين بالتوقيع، والأشخاص المفوضين. وتبين تفاصيل كل حدث وتقوم بإرشاد المستخدم إلى القيام الإجراءات. المستخدمين المؤهلين,"This service shows all events and due dates for selected commercial registration. These events will be available for Investors, Authorized Signatories, and delegated persons. It shows details of each event and instruct the user to do actions. Eligible Users",لا توجد موافقات مطلوبة. رسوم الخدمة,No approvals are required. Service Fees,لا توجد مستندات مطلوبة. الموافقات المطلوبة,No documents are required. Required Approvals,,,الكتروني,,,,,بوابة منصة عُمان للأعمال (business.gov.om),,+968 80000070,www.business.gov.om,اضغط على ابدأ الخدمة واتبع التعليمات المتاحة. المستندات المطلوبة,Press Start the Service and follow the available instructions. Required Documents,,,https://www.business.gov.om/ieasy/wp/ar/services/%D8%AA%D9%82%D9%88%D9%8A%D9%85-%D8%B3%D8%AC%D9%84%D9%8A-%D8%A7%D9%84%D8%AA%D8%AC%D8%A7%D8%B1%D9%8A/
120027,الوكالات التجارية لسجلي التجاري,My CR Commercial Agencies,وزارة التجارة والصناعة وترويج الإستثمار,"Ministry of Commerce, Industry and Investment Promotion",110,,,"من الحكومة إلى قطاع الأعمال(G2B),من الحكومة الى الأفراد(G2C)",,تعرض هذه الخدمة قائمة بجميع الوكالات التجارية للسجيل التجاري المختار. وسوف تكون متاحة للمستثمرين والمفوضين بالتوقيع، والأشخاص المفوضين. ويمكن للمستخدم عرض تفاصيل الوكالة. المستخدمين المؤهلين,"This service shows list of all commercial agencies for the selected commercial registration. It will be available for investors, authorized signatories, and delegated persons. The user can view the agency details and can … Eligible Users",– رسوم الخدمة,– Service Fees,– الموافقات المطلوبة,– Required Approvals,,– Access and Delivery Time,الكتروني,,,,,بوابة منصة عُمان للأعمال (business.gov.om),,+968 80000070,www.business.gov.om,اضغط على ابدأ الخدمة واتبع التعليمات المتاحة. المستندات المطلوبة,Press Start the Service and follow the available instructions. Required Documents,,,https://www.business.gov.om/ieasy/wp/ar/services/%D8%A7%D9%84%D9%88%D9%83%D8%A7%D9%84%D8%A7%D8%AA-%D8%A7%D9%84%D8%AA%D8%AC%D8%A7%D8%B1%D9%8A%D8%A9-%D9%84%D8%B3%D8%AC%D9%84%D9%8A-%D8%A7%D9%84%D8%AA%D8%AC%D8%A7%D8%B1%D9%8A/
120028,التزامات سجلي التجاري,My CR Obligations,وزارة التجارة والصناعة وترويج الإستثمار,"Ministry of Commerce, Industry and Investment Promotion",110,,,"من الحكومة إلى قطاع الأعمال(G2B),من الحكومة الى الأفراد(G2C)",,هذه الخدمة تعرض قائمة بالتزامات السجلات التجارية (الشركات) المخول بها تجاه الجهات الحكومية. ستكون البيانات متاحة للمستثمرين والمفوضين بالتوقيع والأشخاص المفوضين يمكن للمستخدم عرض تفاصيل الالتزام والقيام بعملية الدفع المستخدمين المؤهلين,"This service shows list of all obligations for the selected Commercial Registration. It will be available for investors, authorized signatories, and delegated persons. The user can view the obligation details and can pay for the obligation. Eligible Users",لا توجد موافقات مطلوبة. رسوم الخدمة,No approvals are required. Service Fees,لا توجد مستندات مطلوبة. الموافقات المطلوبة,No documents are required. Required Approvals,,,الكتروني,,,,,بوابة منصة عُمان للأعمال (business.gov.om),,+968 80000070,www.business.gov.om,اضغط على ابدأ الخدمة واتبع التعليمات المتاحة. المستندات المطلوبة,Press Start the Service and follow the available instructions. Required Documents,,,https://www.business.gov.om/ieasy/wp/ar/services/%D8%A7%D9%84%D8%AA%D8%B2%D8%A7%D9%85%D8%A7%D8%AA-%D8%B3%D8%AC%D9%84%D9%8A-%D8%A7%D9%84%D8%AA%D8%AC%D8%A7%D8%B1%D9%8A/
120029,تراخيص سجلي التجاري,My CR Licenses,وزارة التجارة والصناعة وترويج الإستثمار,"Ministry of Commerce, Industry and Investment Promotion",110,,,"من الحكومة إلى قطاع الأعمال(G2B),من الحكومة الى الأفراد(G2C)",,هذه الخدمة تسمح بتقديم طلب ترخيص جديد للسجل التجاري المختار وتعرض قائمة التراخيص التابعة له. هذه القائمة ستكون متاحة للمستثمرين والمفوضين بالتوقيع والأشخاص المفوضين. يمكن للمستخدم عرض تفاصيل التراخيص، وتجديدها أو إلغائها. 2.12.0.0 المستخدمين المؤهلين,"This service allows to apply for a new license for the selected Commercial Registration. It also shows list of all Licenses. They will be available for investors, authorized signatories, and delegated persons. The user can view the License details, renew or cancel it. 2.12.0.0 Eligible Users",سيتم إرسال الطلب للتحقق للحصول على الموافقات. 2.12.0.0 رسوم الخدمة,The application will be sent to verification for approvals. 2.12.0.0 Service Fees,بإمكانك البدء في عملية الترخيص وسيقوم النظام بتحديد المستندات المطلوبة اعتماداً على معايير مختلفة. ننصحك باستخدام خدمة “ محاكي التراخيص ” لمعرفة متطلبات الترخيص الذي تحتاجه قبل البدء في عملية الترخيص. 2.12.0.0 الموافقات المطلوبة,User can start License process and system will request documents based on different criteria. We advise the user to use the “License Simulator” Service to see the requirements before starting the real application. 2.12.0.0 Required Approvals,بإمكانك البدء في عملية الترخيص وسيقوم النظام بحساب الرسوم المطلوبة اعتماداً على معايير مختلفة. ننصحك باستخدام خدمة “ محاكي التراخيص ” لمعرفة رسوم الترخيص الذي تحتاجه قبل البدء في عملية الترخيص. 2.12.0.0 الوصول والتسليم في الوقت المحدد,The user can start License process and system will calculate the fees based on different criteria. We advise the user to use the “License Simulator” Service to see the requirements and fees before starting the real application. 2.12.0.0 Access and Delivery Time,الكتروني,,,,,بوابة منصة عُمان للأعمال (business.gov.om),,+968 80000070,www.business.gov.om,اضغط على ابدأ الخدمة واتبع التعليمات المتاحة. 2.12.0.0 المستندات المطلوبة,Press Start the Service and follow the available instructions. 2.12.0.0 Required Documents,,,https://www.business.gov.om/ieasy/wp/ar/services/%D8%AA%D8%B1%D8%A7%D8%AE%D9%8A%D8%B5-%D8%B3%D8%AC%D9%84%D9%8A-%D8%A7%D9%84%D8%AA%D8%AC%D8%A7%D8%B1%D9%8A/
120030,طلبات التراخيص لسجلي التجاري,My CR Licenses applications,وزارة التجارة والصناعة وترويج الإستثمار,"Ministry of Commerce, Industry and Investment Promotion",110,,,"من الحكومة إلى قطاع الأعمال(G2B),من الحكومة الى الأفراد(G2C)",,ذه الخدمة تعرض قائمة الطلبات المقدمة بواسطة أي مستخدم للسجل التجاري المختار، والمتعلقة بالتراخيص. هذه القائمة ستكون متاحة للمستثمرين والمفوضين بالتوقيع والأشخاص المفوضين. كما يمكن للمستخدم عرض تفاصيل الطلب والقيام بتنفيذ أي مهمة مسندة إليه في الطلب (إن وجدت). المستخدمين المؤهلين,"This service shows list of all applications which belongs to licenses, and are submitted by any user for the selected commercial registration. It will be available for investors, authorized signatories, and delegated persons. The user can view the application details and in case the application contains a task assigned to him, he can perform it. 2.14.0.0 2.14.0.0 Eligible Users",لا توجد موافقات مطلوبة. رسوم الخدمة,No approvals are required 2.14.0.0 2.14.0.0 Service Fees,لا توجد مستندات مطلوبة. الموافقات المطلوبة,No documents are required. 2.14.0.0 2.14.0.0 Required Approvals,,The service is free of charge unless there is a task needs payment. 2.14.0.0 2.14.0.0 Access and Delivery Time,الكتروني,,,,,بوابة منصة عُمان للأعمال (business.gov.om),,+968 80000070,www.business.gov.om,اضغط على ابدأ الخدمة واتبع التعليمات المتاحة. المستندات المطلوبة,Press Start the Service and follow the available instructions. 2.14.0.0 2.14.0.0 Required Documents,,,https://www.business.gov.om/ieasy/wp/ar/services/%D8%B7%D9%84%D8%A8%D8%A7%D8%AA-%D8%A7%D9%84%D8%AA%D8%B1%D8%A7%D8%AE%D9%8A%D8%B5-%D9%84%D8%B3%D8%AC%D9%84%D9%8A-%D8%A7%D9%84%D8%AA%D8%AC%D8%A7%D8%B1%D9%8A/
120031,تصاريح سجلي التجاري,My CR Permits,وزارة التجارة والصناعة وترويج الإستثمار,"Ministry of Commerce, Industry and Investment Promotion",110,,,من الحكومة إلى قطاع الأعمال(G2B),,تصاريح سجلي التجاري 2.14.0.0 المستخدمين المؤهلين,My CR Permits Eligible Users,تصاريح سجلي التجاري 2.14.0.0 رسوم الخدمة,My CR Permits Service Fees,تصاريح سجلي التجاري 2.14.0.0 الموافقات المطلوبة,My CR Permits Required Approvals,تصاريح سجلي التجاري 2.14.0.0 الوصول والتسليم في الوقت المحدد,My CR Permits Access and Delivery Time,الكتروني,,,,,بوابة منصة عُمان للأعمال (business.gov.om),,+968 80000070,www.business.gov.om,تصاريح سجلي التجاري 2.14.0.0 المستندات المطلوبة,My CR Permits Required Documents,,,https://www.business.gov.om/ieasy/wp/ar/services/%D8%AA%D8%B5%D8%A7%D8%B1%D9%8A%D8%AD-%D8%B3%D8%AC%D9%84%D9%8A-%D8%A7%D9%84%D8%AA%D8%AC%D8%A7%D8%B1%D9%8A/
120032,أماكن ممارسة الأنشطة لسجلي التجاري,My CR Places of Activities,وزارة التجارة والصناعة وترويج الإستثمار,"Ministry of Commerce, Industry and Investment Promotion",110,,,"من الحكومة إلى قطاع الأعمال(G2B),من الحكومة الى الأفراد(G2C)",,هذه الخدمة تعرض قائمة أماكن ممارسة الأنشطة التابعة للسجل التجاري المختار. هذه القائمة ستكون متاحة للمستثمرين والمفوضين بالتوقيع والأشخاص المفوضين. كما يمكن للمستخدم عرض تفاصيل أماكن ممارسة الأنشطة، وتعديلها أو حذفها. المستخدمين المؤهلين,"This service shows list of all Places of Activities for the selected Commercial Registration. They will be available for investors, authorized signatories, and delegated persons. The user can view the Places of Activities details, edit or remove them. Eligible Users",سيتم إرسال الطلب للتحقق للحصول على الموافقات فقط في حالة إضافة أنشطة مرخصة. رسوم الخدمة,The application will be sent to verification for approvals only if licensed activities are added. Service Fees,هناك مستند يلزم إرفاقه دائماً وهو إما “عقد الإيجار” أو “شهادة ملكية”. في حالة كون الأنشطة مرخصة يجب عليك أيضاً إرفاق الترخيص الصادر من الجهة المعنية. الموافقات المطلوبة,There is one mandatory document must be attached which is “Tenancy Agreement” or “Property Ownership”. In case activity is licensed user should attach concerned entity approval for it. Required Approvals,,,الكتروني,,,,,بوابة منصة عُمان للأعمال (business.gov.om),,+968 80000070,www.business.gov.om,اضغط على ابدأ الخدمة واتبع التعليمات المتاحة. المستندات المطلوبة,Press Start the Service and follow the available instructions. Required Documents,,,https://www.business.gov.om/ieasy/wp/ar/services/%D8%A3%D9%85%D8%A7%D9%83%D9%86-%D9%85%D9%85%D8%A7%D8%B1%D8%B3%D8%A9-%D8%A7%D9%84%D8%A3%D9%86%D8%B4%D8%B7%D8%A9-%D9%84%D8%B3%D8%AC%D9%84%D9%8A-%D8%A7%D9%84%D8%AA%D8%AC%D8%A7%D8%B1%D9%8A/
120033,توفر العلامة التجارية,Trademark Availability,وزارة التجارة والصناعة وترويج الإستثمار,"Ministry of Commerce, Industry and Investment Promotion",110,,,من الحكومة إلى قطاع الأعمال(G2B),,خدمة للتحقق من توفر اسم أو شعار معين كعلامة تجارية قبل التقدم بطلب تسجيلها.,A service to check whether a name or logo is available as a trademark before applying for its registration.,,,البطاقة المدنية ; جواز السفر (لغير العمانيين) ; طلب التحقق من توفر العلامة التجارية ; نسخة من الشعار أو الاسم المقترح للعلامة,Civil ID ; Passport (for non-Omanis) ; Trademark availability request form ; Copy of the proposed logo or name,,,الكتروني,,,,,بوابة منصة عُمان للأعمال (business.gov.om),,+968 80000070,www.business.gov.om,,,,,https://www.business.gov.om/ieasy/wp/ar/services/%D8%AA%D9%88%D9%81%D8%B1-%D8%A7%D9%84%D8%B9%D9%84%D8%A7%D9%85%D8%A9-%D8%A7%D9%84%D8%AA%D8%AC%D8%A7%D8%B1%D9%8A%D8%A9/
120034,تحقق من توفر الاسم التجاري,Commercial Name Availability,وزارة التجارة والصناعة وترويج الإستثمار,"Ministry of Commerce, Industry and Investment Promotion",110,,,"من الحكومة إلى قطاع الأعمال(G2B),من الحكومة الى الأفراد(G2C)",,هذه الخدمة تسمح للمستخدم بالتحقق من توفر الاسم التجاري في سلطنة عمان و السجل الدولي للعلامات التجارية . حيث تساعد المستخدم في اختيار الاسم المرغوب للسجل التجاري. كما يمكن للمستخدم عرض تفاصيل نتائج البحث. 2.12.0.0 2.12.0.0 المستخدمين المؤهلين,This service allows user to check the commercial name availability in Oman and International ROMARIN Trademark Register . So he can decide on the desired name for the commercial registration. User can show details of search results. Reserving the name can be done through either New Commercial Registration Service or Update Commercial Registration Service. 2.12.0.0 2.12.0.0 2.12.0.0 Eligible Users,لا توجد موافقات مطلوبة. 2.12.0.0 2.12.0.0 رسوم الخدمة,No approvals are required. 2.12.0.0 2.12.0.0 2.12.0.0 Service Fees,لا توجد مستندات مطلوبة . 2.12.0.0 2.12.0.0 الموافقات المطلوبة,No documents are required. 2.12.0.0 2.12.0.0 2.12.0.0 Required Approvals,لا توجد رسوم للخدمة. 2.12.0.0 2.12.0.0 الوصول والتسليم في الوقت المحدد,The Service is free of charge. 2.12.0.0 2.12.0.0 2.12.0.0 Access and Delivery Time,الكتروني,,,,,بوابة منصة عُمان للأعمال (business.gov.om),,+968 80000070,www.business.gov.om,اضغط على ابدأ الخدمة وأدخل معايير البحث في الحقول المطلوبة في استمارة الخدمة الإلكترونية. 2.12.0.0 2.12.0.0 المستندات المطلوبة,Press Start the Service and enter search criteria in required fields of the service form. 2.12.0.0 2.12.0.0 2.12.0.0 Required Documents,,,https://www.business.gov.om/ieasy/wp/ar/services/%D8%AA%D8%AD%D9%82%D9%82-%D9%85%D9%86-%D8%AA%D9%88%D9%81%D8%B1-%D8%A7%D9%84%D8%A7%D8%B3%D9%85-%D8%A7%D9%84%D8%AA%D8%AC%D8%A7%D8%B1%D9%8A/
120035,محاكي التراخيص,License Simulator,وزارة التجارة والصناعة وترويج الإستثمار,"Ministry of Commerce, Industry and Investment Promotion",110,,,من الحكومة الى الأفراد(G2C),,هذه الخدمة تساعد المستثمر على معرفة معلومات حول إجراءات التراخيص. حيث تعرض له تصور كامل عن التراخيص المرغوبة للأنشطة المرغوبة مع التفاصيل كالمستندات المطلوبة، الموافقات، الوقت والتكلفة . 2.12.0.0 2.12.0.0 المستخدمين المؤهلين,"This service helps investor to get information about licensing process. It gives the investor a full image about the desired licenses for desired activities with the details like required documents, approvals, time and cost. 2.12.0.0 2.12.0.0 2.12.0.0 2.12.0.0 Eligible Users",لا توجد موافقات مطلوبة. 2.12.0.0 2.12.0.0 رسوم الخدمة,No approvals are required. 2.12.0.0 2.12.0.0 2.12.0.0 2.12.0.0 Service Fees,لا توجد مستندات مطلوبة . 2.12.0.0 2.12.0.0 الموافقات المطلوبة,No documents are required. 2.12.0.0 2.12.0.0 2.12.0.0 2.12.0.0 Required Approvals,لا توجد رسوم للخدمة. 2.12.0.0 2.12.0.0 الوصول والتسليم في الوقت المحدد,The service is free of charge. 2.12.0.0 2.12.0.0 2.12.0.0 2.12.0.0 Access and Delivery Time,الكتروني,,,,,بوابة منصة عُمان للأعمال (business.gov.om),,+968 80000070,www.business.gov.om,اضغط على ابدأ الخدمة واتبع التعليمات المتاحة. 2.12.0.0 2.12.0.0 المستندات المطلوبة,Press Start the Service and follow the available instructions. 2.12.0.0 2.12.0.0 2.12.0.0 2.12.0.0 Required Documents,,,https://www.business.gov.om/ieasy/wp/ar/services/%D9%85%D8%AD%D8%A7%D9%83%D9%8A-%D8%A7%D9%84%D8%AA%D8%B1%D8%A7%D8%AE%D9%8A%D8%B5/
120036,تجديد السجل التجاري,Renew Commercial Registration,وزارة التجارة والصناعة وترويج الإستثمار,"Ministry of Commerce, Industry and Investment Promotion",110,,,من الحكومة إلى قطاع الأعمال(G2B),,تجديد السجل التجاري المستخدمين المؤهلين,Renew Commercial Registratios Eligible Users,تجديد السجل التجاري رسوم الخدمة,Renew Commercial Registrations Service Fees,تجديد السجل التجاري الموافقات المطلوبة,Renew Commercial Registrations Required Approvals,تجديد السجل التجاري الوصول والتسليم في الوقت المحدد,Renew Commercial Registrations Access and Delivery Time,الكتروني,,,,,بوابة منصة عُمان للأعمال (business.gov.om),,+968 80000070,www.business.gov.om,تجديد السجل التجاري المستندات المطلوبة,Renew Commercial Registrations Required Documents,,,https://www.business.gov.om/ieasy/wp/ar/services/%D8%AA%D8%AC%D8%AF%D9%8A%D8%AF-%D8%A7%D9%84%D8%B3%D8%AC%D9%84-%D8%A7%D9%84%D8%AA%D8%AC%D8%A7%D8%B1%D9%8A/
120037,مهام سجلي التجاري,My CR Tasks,وزارة التجارة والصناعة وترويج الإستثمار,"Ministry of Commerce, Industry and Investment Promotion",110,,,"من الحكومة إلى قطاع الأعمال(G2B),من الحكومة الى الأفراد(G2C)",,هذه الخدمة تعرض قائمة المهام للسجل التجاري المختار. هذه المهام ستكون متاحة للمستثمرين والمفوضين بالتوقيع والأشخاص المفوضين. كما يمكن القيام بتنفيذ المهمة في حالة كونها مسندة للمستخدم الحالي. 2.12.0.0 المستخدمين المؤهلين,"This service shows list of all pending tasks for the selected commercial registration. It will be available for investors, authorized signatories, and delegated persons. The task can be performed if it is assigned to the current user. 2.12.0.0 Eligible Users",لا توجد موافقات مطلوبة. 2.12.0.0 2.12.0.0 رسوم الخدمة,No approvals are required. 2.12.0.0 Service Fees,لا توجد مستندات مطلوبة إلا في حالة وجود مهمة إرفاق مستندات. 2.12.0.0 2.12.0.0 الموافقات المطلوبة,No documents are required unless there is a task for documents attachment. 2.12.0.0 Required Approvals,لا توجد رسوم للخدمة إلا في حالة وجود مهمة دفع. 2.12.0.0 2.12.0.0 الوصول والتسليم في الوقت المحدد,The service is free of charge unless there is a task of payment. 2.12.0.0 Access and Delivery Time,الكتروني,,,,,بوابة منصة عُمان للأعمال (business.gov.om),,+968 80000070,www.business.gov.om,اضغط على ابدأ الخدمة واتبع التعليمات المتاحة. 2.12.0.0 2.12.0.0 المستندات المطلوبة,Press Start the Service and follow the available instructions. 2.12.0.0 Required Documents,,,https://www.business.gov.om/ieasy/wp/ar/services/%D9%85%D9%87%D8%A7%D9%85-%D8%B3%D8%AC%D9%84%D9%8A-%D8%A7%D9%84%D8%AA%D8%AC%D8%A7%D8%B1%D9%8A/
