عرض حالة الطلب	/ieasy/wp/ar/services/عرض-حالة-الطلب
بحث في السجلات التجارية	/ieasy/wp/ar/services/بحث-في-السجلات-التجارية
بحث في الإعلانات العامة	/ieasy/wp/ar/services/بحث-في-الإعلانات-العامة
طلب الشهادات التجارية	/ieasy/wp/ar/services/طلب-الشهادات-التجارية
قائمة شهاداتي التجارية	/ieasy/wp/ar/services/قائمة-شهاداتي-التجارية
بحث في الالتزامات	/ieasy/wp/ar/services/بحث-في-الالتزامات
قائمة الأنشطة الاقتصادية	/ieasy/wp/ar/services/قائمة-الأنشطة-الاقتصادية
طلب استرجاع مبلغ	/ieasy/wp/ar/services/طلب-استرجاع-مبلغ
إنشاء سجل تجاري جديد	/ieasy/wp/ar/services/إنشاء-سجل-تجاري-جديد
سجلي التجاري	/ieasy/wp/ar/services/سجلي-التجاري
طلباتي	/ieasy/wp/ar/services/طلباتي
طلبات سجلي التجاري	/ieasy/wp/ar/services/طلبات-سجلي-التجاري
مهامي	/ieasy/wp/ar/services/مهامي
صلاحيات التفويض لسجلي التجاري	/ieasy/wp/ar/services/صلاحيات-التفويض-لسجلي-التجاري
بيانات القوى العاملة لسجلي التجاري	/ieasy/wp/ar/services/بيانات-القوى-العاملة-لسجلي-التجاري
إشعاراتي	/ieasy/wp/ar/services/إشعاراتي
إشعارات سجلي التجاري	/ieasy/wp/ar/services/إشعارات-سجلي-التجاري
تحديث بيانات السجل التجاري	/ieasy/wp/ar/services/تحديث-بيانات-السجل-التجاري
تقديم إثبات رأس المال السجل	/ieasy/wp/ar/services/تقديم-إثبات-رأس-المال-للسجل-التجاري
إلغاء السجل التجاري	/ieasy/wp/ar/services/إلغاء-السجل-التجاري
تصفية الشركة	/ieasy/wp/ar/services/تصفية-الشركة
شهادات المنشأ الخاصة بي	/ieasy/wp/ar/services/شهادات-المنشأ-الخاصة-بي
طلبات شهادات المنشأ	/ieasy/wp/ar/services/طلبات-شهادات-المنشأ-الخاصة-بسجلي-التج
إعلاناتي العامة	/ieasy/wp/ar/services/إعلاناتي-العامة
الإعلانات العامة لسجلي التجاري	/ieasy/wp/ar/services/الإعلانات-العامة-لسجلي-التجاري
تقديم إعلان عام	/ieasy/wp/ar/services/تقديم-إعلان-عام
تقويم سجلي التجاري	/ieasy/wp/ar/services/تقويم-سجلي-التجاري
الوكالات التجارية	/ieasy/wp/ar/services/الوكالات-التجارية-لسجلي-التجاري
التزامات سجلي التجاري	/ieasy/wp/ar/services/التزامات-سجلي-التجاري
إدارة التراخيص	/ieasy/wp/ar/services/تراخيص-سجلي-التجاري
طلبات التراخيص	/ieasy/wp/ar/services/طلبات-التراخيص-لسجلي-التجاري
إدارة التصاريح	/ieasy/wp/ar/services/تصاريح-سجلي-التجاري
أماكن ممارسة الأنشطة	/ieasy/wp/ar/services/أماكن-ممارسة-الأنشطة-لسجلي-التجاري
توفر العلامة التجارية	/ieasy/wp/ar/services/توفر-العلامة-التجارية
تحقق من توفر الاسم التجاري	/ieasy/wp/ar/services/تحقق-من-توفر-الاسم-التجاري
محاكي التراخيص	/ieasy/wp/ar/services/محاكي-التراخيص
تجديد السجل التجاري	/ieasy/wp/ar/services/تجديد-السجل-التجاري
مهام سجلي التجاري	/ieasy/wp/ar/services/مهام-سجلي-التجاري
